<?xml version="1.0" encoding="UTF-8"?>
<!DOCTYPE bsa SYSTEM "assign06.dtd">
<?xml-stylesheet type="text/xsl" href="assign07.xsl"?>
<bsa>
    <council name="Iguazu">
        <troop troopnumber="32" unitname="Messi">
            <scout>
                <firstname>Joe</firstname>
                <lastname>Jones</lastname>
                <phone>435-292-3910</phone>
                <address>
                    <street>  Av. Pedro Luro 3030</street>
                    <city>Mar Del Plata</city>
                    <state>Buenos Aires</state>
                </address>
            </scout>
            <scout>
                <firstname>Miqeas</firstname>
                <lastname>Ferreyra</lastname>
                <phone>435-292-4444</phone>
                <address>
                    <street>Entre Rios y Moreno</street>
                    <city>Mar Del Plata</city>
                    <state>Buenos Aires</state>
                </address>
            </scout>
            <scout>
                <firstname>Marry</firstname>
                <lastname>Poppins</lastname>
                <phone>435-293-4419</phone>
                <address>
                    <street> Buenos aires 2431</street>
                    <city>Mar Del Plata</city>
                    <state>Buenos Aires</state>
                </address>
            </scout>
            <scout>
                <firstname>Samuel</firstname>
                <lastname>Jackson</lastname>
                <phone>435-793-0010</phone>
                <address>
                    <street>Catamarca 1239</street>
                    <city>Mar Del Plata</city>
                    <state>Buenos Aires</state>
                </address>
            </scout>
            <scout>
                <firstname>Leonel</firstname>
                <lastname>Messi</lastname>
                <phone>435-793-0220</phone>
                <address>
                    <street> San Luis 1362</street>
                    <city>Mar Del Plata</city>
                    <state>Buenos Aires</state>
                </address>
            </scout>
        </troop>
        <troop troopnumber="22" unitname="Maradona">
            <scout>
                <firstname>Tommy</firstname>
                <lastname>Monson</lastname>
                <phone>435-793-2414</phone>
                <address>
                    <street> Arenales 2347</street>
                    <city>Mar Del Plata</city>
                    <state>Buenos Aires</state>
                </address>
            </scout>
            <scout>
                <firstname>Christian</firstname>
                <lastname>Sandoval</lastname>
                <phone>435-793-2640</phone>
                <address>
                    <street> Arenales 2477</street>
                    <city>Mar Del Plata</city>
                    <state>Buenos Aires</state>
                </address>
            </scout>
            <scout>
                <firstname>Bob</firstname>
                <lastname>Marley</lastname>
                <phone>435-763-2641</phone>
                <address>
                    <street>  Alem 4221</street>
                    <city>Mar Del Plata</city>
                    <state>Buenos Aires</state>
                </address>
            </scout>
            <scout>
                <firstname>Tommy</firstname>
                <lastname>Jones</lastname>
                <phone>435-763-5516</phone>
                <address>
                    <street>  Boulevar Marítimo 2657</street>
                    <city>Mar Del Plata</city>
                    <state>Buenos Aires</state>
                </address>
            </scout>
            <scout>
                <firstname>Pablo</firstname>
                <lastname>Alboran</lastname>
                <phone>435-763-6666</phone>
                <address>
                    <street>  Av Peralta Ramos 2502</street>
                    <city>Mar Del Plata</city>
                    <state>Buenos Aires</state>
                </address>
            </scout>
        </troop>
    </council>
    <council name="Bariloche">
        <troop troopnumber="61" unitname="Aldosivi">
            <scout>
                <firstname>Pedro</firstname>
                <lastname>Navaja</lastname>
                <phone>435-763-1000</phone>
                <address>
                    <street>  Av Peralta Ramos 2502</street>
                    <city>Mar Del Plata</city>
                    <state>Buenos Aires</state>
                </address>
            </scout>
            <scout>
                <firstname>Tommy</firstname>
                <lastname>Torres</lastname>
                <phone>435-763-1000</phone>
                <address>
                    <street>   Boulevar Marítimo 5725</street>
                    <city>Mar Del Plata</city>
                    <state>Buenos Aires</state>
                </address>
            </scout>
            <scout>
                <firstname>Steve</firstname>
                <lastname>Martin</lastname>
                <phone>435-721-1077</phone>
                <address>
                    <street>   Hipólito Yrigoyen 2629</street>
                    <city>Mar Del Plata</city>
                    <state>Buenos Aires</state>
                </address>
            </scout>
            <scout>
                <firstname>Bob</firstname>
                <lastname>Barkley</lastname>
                <phone>435-721-4922</phone>
                <address>
                    <street>    Formosa 155</street>
                    <city>Mar Del Plata</city>
                    <state>Buenos Aires</state>
                </address>
                <meritbadge date-earned="01/20/1994">shooting</meritbadge>
                <meritbadge date-earned="05/20/2004">hunting</meritbadge>
                <meritbadge date-earned="12/20/2011">soccer</meritbadge>
                <meritbadge date-earned="12/11/1998">hiking</meritbadge>
                <meritbadge date-earned="09/14/1704">swimming</meritbadge>
                <meritbadge date-earned="12/23/1994">trumpet</meritbadge>
                <meritbadge date-earned="11/27/1912">outdoors</meritbadge>
                <meritbadge date-earned="10/29/1880">rafting</meritbadge>
                <meritbadge date-earned="07/31/1995">repelling</meritbadge>
                <meritbadge date-earned="12/11/1914">geocaching</meritbadge>
                <rank date-earned="12/11/1914">Tenderfoot</rank>
                <rank date-earned="12/11/1954">Eagle</rank>
            </scout>
            <scout>
                <firstname>Jonny</firstname>
                <lastname>Appleseed</lastname>
                <phone>435-721-4955</phone>
                <address>
                    <street>  Av. Félix U. Camet 3700</street>
                    <city>Mar Del Plata</city>
                    <state>Buenos Aires</state>
                </address>
            </scout>
        </troop>
        <troop troopnumber="2" unitname="Boca">
            <scout>
                <firstname>Pedro</firstname>
                <lastname>Santiago</lastname>
                <phone>435-721-9959</phone>
                <address>
                    <street>  Av. Juan B. Justo 2802</street>
                    <city>Mar Del Plata</city>
                    <state>Buenos Aires</state>
                </address>
            </scout>
            <scout>
                <firstname>Juan</firstname>
                <lastname>Cruz</lastname>
                <phone>435-721-7776</phone>
                <address>
                    <street> Maritimo Patricio Peralta Ramos 2148</street>
                    <city>Mar Del Plata</city>
                    <state>Buenos Aires</state>
                </address>
            </scout>
            <scout>
                <firstname>Master</firstname>
                <lastname>Mayhem</lastname>
                <phone>435-721-6666</phone>
                <address>
                    <street> San Martín 2932</street>
                    <city>Mar Del Plata</city>
                    <state>Buenos Aires</state>
                </address>
                <meritbadge date-earned="02/20/1994">shooting</meritbadge>
                <meritbadge date-earned="05/20/1994">hunting</meritbadge>
                <meritbadge date-earned="12/20/2001">cooking</meritbadge>
                <meritbadge date-earned="12/11/1998">hiking</meritbadge>
                <meritbadge date-earned="12/14/1994">swimming</meritbadge>
                <meritbadge date-earned="12/23/1994">trumpet</meritbadge>
                <meritbadge date-earned="12/27/1912">outdoors</meritbadge>
                <meritbadge date-earned="12/29/1980">nature</meritbadge>
                <meritbadge date-earned="07/31/1995">repelling</meritbadge>
                <meritbadge date-earned="12/11/1914">geocaching</meritbadge>
                <rank date-earned="12/11/1807">Cub</rank>
                <rank date-earned="12/11/2001">Eagle</rank>
            </scout>
            <scout>
                <firstname>Miguel</firstname>
                <lastname>Smith</lastname>
                <phone>435-655-6866</phone>
                <address>
                    <street> Sarmiento 2601</street>
                    <city>Mar Del Plata</city>
                    <state>Buenos Aires</state>
                </address>
            </scout>
            <scout>
                <firstname>Inigo</firstname>
                <lastname>Montoya</lastname>
                <phone>435-292-3955</phone>
                <address>
                    <street> Av. Colón 1189</street>
                    <city>Mar Del Plata</city>
                    <state>Buenos Aires</state>
                </address>
            </scout>
        </troop>
    </council>
</bsa>